timestamp(unix),attitude_roll(radians),attitude_pitch(radians),attitude_yaw(radians),rotation_rate_x(radians/s),rotation_rate_y(radians/s),rotation_rate_z(radians/s),gravity_x(G),gravity_y(G),gravity_z(G),user_acc_x(G),user_acc_y(G),user_acc_z(G),magnetic_field_x(microteslas),magnetic_field_y(microteslas),magnetic_field_z(microteslas),latitude(degree),longitude(degree),altitude(meter),speed(m/s),course(degree),timestamp(unix)
1478106832.73,-0.718068,0.201992,-2.388991,0.110484,-0.035344,-0.003035,-0.644555,-0.200621,-0.737767,0.063317,0.041853,-0.007045,-39.400040,2.382439,-11.230896,,,,,,
,,,,,,,,,,,,,,,,37.352924,-122.034880,50.476734,-1.000000,-1.000000,1478106813.81
,,,,,,,,,,,,,,,,37.352924,-122.034880,50.476734,-1.000000,-1.000000,1478106804.81
1478106832.75,-0.718031,0.203534,-2.387788,0.130535,-0.086458,-0.007275,-0.644323,-0.202131,-0.737557,0.044790,0.024061,-0.017539,-39.412178,2.353354,-11.194376,,,,,,
,,,,,,,,,,,,,,,,37.352924,-122.034880,50.476734,-1.000000,-1.000000,1478106813.81
1478106832.77,-0.720740,0.205719,-2.385508,0.171883,-0.121583,0.017297,-0.646026,-0.204271,-0.735475,0.016677,0.019060,-0.010939,-39.408768,2.334764,-11.210260,,,,,,
1478106832.79,-0.724078,0.208432,-2.382928,0.190972,-0.154689,-0.001858,-0.648107,-0.206926,-0.732897,0.037954,-0.024123,-0.010129,-39.408768,2.334764,-11.210260,,,,,,
1478106832.81,-0.726747,0.212508,-2.380396,0.214099,-0.195138,0.007612,-0.649496,-0.210912,-0.730528,0.054021,-0.025614,-0.027132,-39.458637,2.279648,-11.044964,,,,,,
1478106832.83,-0.731913,0.216015,-2.376699,0.272496,-0.238904,0.014097,-0.652762,-0.214339,-0.726609,0.074683,0.004500,-0.025207,-39.494972,2.184091,-10.933855,,,,,,
1478106832.85,-0.735247,0.220690,-2.373269,0.284084,-0.270818,0.017304,-0.654502,-0.218903,-0.723678,0.087592,0.006852,-0.037843,-39.572212,2.111073,-10.665609,,,,,,
,,,,,,,,,,,,,,,,37.352738,-122.034973,50.476734,-1.000000,-1.000000,1478106832.64
1478106832.87,-0.741939,0.224896,-2.369025,0.307456,-0.299699,-0.005039,-0.658702,-0.223005,-0.718596,0.076579,0.014753,-0.046052,-39.572212,2.111073,-10.665609,,,,,,
1478106832.89,-0.749024,0.230624,-2.364793,0.379938,-0.318271,-0.062455,-0.662896,-0.228585,-0.712964,0.084237,0.012429,-0.028232,-39.636791,1.992074,-10.446470,,,,,,
,,,,,,,,,,,,,,,,37.352694,-122.034962,50.476734,-1.000000,-1.000000,1478106832.66
1478106832.91,-0.755741,0.238196,-2.360430,0.466386,-0.308210,-0.126234,-0.666464,-0.235950,-0.707215,0.124975,0.022907,-0.003600,-39.636791,1.992074,-10.446470,,,,,,
1478106832.93,-0.764514,0.248083,-2.354847,0.572686,-0.377800,-0.152703,-0.670995,-0.245546,-0.699624,0.118016,0.039278,0.004479,-39.787216,1.630933,-9.924196,,,,,,
1478106832.95,-0.773088,0.259692,-2.348457,0.679581,-0.288123,-0.220794,-0.674933,-0.256783,-0.691757,0.193045,0.026345,-0.000900,-39.865704,1.393499,-9.641371,,,,,,
1478106832.97,-0.782449,0.275981,-2.342487,0.811235,-0.516943,-0.419874,-0.678339,-0.272491,-0.682352,0.238245,0.058044,0.038141,-39.865704,1.393499,-9.641371,,,,,,
1478106832.99,-0.797278,0.296560,-2.334728,1.108046,-0.656562,-0.506762,-0.684225,-0.292232,-0.668159,0.327292,0.172634,0.161246,-39.979198,0.809518,-9.229340,,,,,,
1478106833.01,-0.811508,0.322451,-2.323358,1.450140,-0.351844,-0.570020,-0.687944,-0.316893,-0.652926,0.315187,0.220152,0.233752,-40.155270,-0.067451,-8.468887,,,,,,
1478106833.03,-0.823215,0.355826,-2.307522,1.730970,-0.325306,-0.848692,-0.687399,-0.348365,-0.637279,0.409979,0.200995,0.287014,-40.155270,-0.067451,-8.468887,,,,,,
,,,,,,,,,,,,,,,,37.352966,-122.034824,46.343109,-1.000000,-1.000000,1478106832.83
1478106833.05,-0.832648,0.396362,-2.293609,1.987931,-0.136050,-1.133759,-0.682367,-0.386065,-0.620749,0.590738,0.315997,0.241156,-40.229309,-1.253284,-8.012754,,,,,,
1478106833.07,-0.842552,0.446322,-2.276037,2.407153,-0.140937,-1.437769,-0.673232,-0.431651,-0.600363,0.581603,0.361583,0.220770,-40.229309,-1.253284,-8.012754,,,,,,
1478106833.09,-0.855027,0.503710,-2.256731,2.606595,-0.206418,-1.671853,-0.660867,-0.482678,-0.574697,0.701517,0.428860,0.344304,-40.163918,-3.801729,-7.521893,,,,,,
1478106833.11,-0.871971,0.566799,-2.238462,2.633776,-0.528110,-2.035367,-0.645877,-0.536934,-0.542719,0.666156,0.320626,0.146220,-40.043900,-5.446797,-7.140778,,,,,,
1478106833.13,-0.894579,0.635486,-2.225633,2.572790,-0.882832,-2.500134,-0.627687,-0.593568,-0.503672,0.695955,0.332826,0.083994,-39.794243,-7.825686,-6.272869,,,,,,
1478106833.15,-0.921043,0.710972,-2.216744,2.625940,-1.143003,-2.886893,-0.603328,-0.652570,-0.458418,0.710231,0.388578,0.133009,-39.209991,-11.265854,-4.452992,,,,,,
1478106833.17,-0.949357,0.791460,-2.207427,2.667585,-0.974058,-3.125458,-0.571412,-0.711380,-0.409179,0.587449,0.328003,0.291107,-39.209991,-11.265854,-4.452992,,,,,,
1478106833.19,-0.964768,0.876411,-2.198266,2.727161,-0.023919,-3.401096,-0.525956,-0.768447,-0.364500,0.475144,0.310332,0.314756,-37.869415,-15.704132,-1.860065,,,,,,
1478106833.21,-0.956895,0.966684,-2.189515,2.824857,1.173962,-3.638246,-0.464313,-0.823007,-0.327221,0.182498,0.121789,0.253826,-36.359070,-19.008642,-0.928396,,,,,,
1478106833.23,-0.922739,1.062020,-2.187340,2.863434,2.182493,-3.950134,-0.388352,-0.873341,-0.294038,0.073960,-0.136241,0.207810,-36.359070,-19.008642,-0.928396,,,,,,
1478106833.25,-0.843446,1.164005,-2.208925,2.876910,3.494454,-4.431412,-0.295537,-0.918395,-0.263074,0.051702,-0.280610,0.194379,-33.379726,-23.845430,-1.166742,,,,,,
1478106833.27,-0.689873,1.269562,-2.281777,2.963744,4.702406,-4.558829,-0.188831,-0.954971,-0.228852,0.039997,-0.592194,0.125595,-30.322910,-27.554703,-2.330575,,,,,,
1478106833.29,-0.422863,1.368400,-2.446306,3.147823,5.718551,-4.208764,-0.082492,-0.979588,-0.183312,0.047595,-0.606731,0.166756,-30.322910,-27.554703,-2.330575,,,,,,
1478106833.31,0.140612,1.444349,-2.894745,3.109607,6.078331,-4.137352,0.017674,-0.992016,-0.124866,0.165782,-0.558902,0.181949,-25.941963,-31.534616,-4.093256,,,,,,
1478106833.33,1.090806,1.442426,2.551309,2.746022,5.841637,-4.346892,0.113552,-0.991772,-0.059115,0.293598,-0.720234,0.112185,-22.678755,-33.835911,-4.997713,,,,,,
1478106833.35,1.596231,1.368369,2.156722,2.075153,5.714149,-4.128598,0.200983,-0.979581,0.005113,0.603659,-0.955416,-0.132982,-17.151535,-36.842644,-5.711078,,,,,,
1478106833.37,1.800154,1.292061,2.053228,1.475788,4.641776,-3.273423,0.267935,-0.961404,0.062554,0.696420,-0.885337,-0.292931,-17.151535,-36.842644,-5.711078,,,,,,
1478106833.39,1.899312,1.237488,2.030427,0.837954,3.436231,-2.031356,0.309675,-0.944965,0.105558,0.955172,-0.725796,-0.286329,-12.152758,-38.732113,-6.025454,,,,,,
1478106833.41,1.954632,1.214034,2.024464,0.337795,1.885702,-0.548322,0.323830,-0.937033,0.130784,0.453163,-0.658121,-0.423249,-12.152758,-38.732113,-6.025454,,,,,,
1478106833.43,1.982513,1.212012,2.020982,-0.056085,0.958886,0.187046,0.321794,-0.936324,0.140519,0.184462,-0.576890,-0.357758,-9.168605,-39.519630,-6.189299,,,,,,
1478106833.45,1.993108,1.223015,2.023757,-0.386960,0.468633,0.631740,0.310871,-0.940131,0.139689,-0.023822,-0.395196,-0.294840,-9.262290,-39.439468,-6.550622,,,,,,
1478106833.47,1.999800,1.242102,2.016340,-0.100522,-0.376512,1.132836,0.293555,-0.946465,0.134277,-0.085028,-0.123192,-0.087035,-9.262290,-39.439468,-6.550622,,,,,,
1478106833.49,2.028996,1.269010,1.971962,0.089725,-0.689353,1.726596,0.266568,-0.954807,0.131473,-0.199505,0.037006,-0.068546,-10.367919,-39.113987,-6.839196,,,,,,
1478106833.51,2.095057,1.304077,1.884639,0.325221,-1.092331,2.412048,0.228170,-0.964641,0.131935,-0.501989,-0.185445,-0.145256,-12.619226,-38.520088,-6.413280,,,,,,
1478106833.53,2.210222,1.348331,1.739906,0.189024,-1.288285,2.972232,0.177046,-0.975357,0.131660,-0.508497,-0.097764,-0.149666,-12.619226,-38.520088,-6.413280,,,,,,
1478106833.55,2.411671,1.393553,1.506748,0.205939,-1.381392,3.343045,0.117570,-0.984333,0.131396,-0.660768,-0.000988,-0.238757,-16.016300,-37.367943,-5.593484,,,,,,
1478106833.57,2.781051,1.428743,1.110339,0.077649,-0.934482,3.829878,0.049945,-0.989927,0.132474,-0.788486,-0.141588,-0.065289,-19.908209,-35.576061,-4.709473,,,,,,
1478106833.59,-2.916261,1.432364,0.505724,0.079910,-0.313476,3.862000,-0.030831,-0.990434,0.134502,-0.529838,0.179169,0.260807,-19.908209,-35.576061,-4.709473,,,,,,
1478106833.61,-2.534840,1.408968,0.123111,-0.155346,0.470476,2.762148,-0.091873,-0.986934,0.132363,0.148681,-0.438603,0.159934,-24.103903,-32.944904,-4.219885,,,,,,
1478106833.63,-2.223167,1.367793,-0.176155,-0.465887,0.846411,3.659941,-0.160211,-0.979465,0.122393,-0.255912,-0.660626,-0.262240,-26.976307,-30.537458,-4.890270,,,,,,
1478106833.65,-2.029913,1.312834,-0.359932,-0.361524,0.838697,3.180631,-0.228693,-0.966912,0.113054,-0.018942,0.604439,0.307173,-26.976307,-30.537458,-4.890270,,,,,,
1478106833.67,-1.898654,1.260156,-0.481723,-0.519122,0.505022,3.086507,-0.289387,-0.952138,0.098430,-0.159328,0.370351,-0.063640,-29.825832,-27.568081,-5.881560,,,,,,
1478106833.69,-1.809054,1.210326,-0.565581,-0.782782,0.589796,2.552233,-0.342751,-0.935731,0.083244,-0.462364,0.023988,0.347328,-31.378740,-25.623968,-6.554311,,,,,,
1478106833.71,-1.725421,1.169313,-0.636664,-0.925042,1.050105,2.175963,-0.386122,-0.920482,0.060184,-0.101488,-0.075444,0.034054,-33.061012,-23.033951,-7.783236,,,,,,
1478106833.73,-1.653473,1.129885,-0.695909,-1.027036,0.768276,2.069162,-0.425306,-0.904363,0.035243,0.103819,-0.009944,0.015721,-33.061012,-23.033951,-7.783236,,,,,,
1478106833.75,-1.595950,1.086940,-0.750702,-1.099036,0.176322,2.311833,-0.465049,-0.885207,0.011700,0.210960,-0.111008,0.007144,-34.221016,-20.647717,-9.314838,,,,,,
1478106833.77,-1.562624,1.043113,-0.791510,-0.872154,-0.257231,2.047873,-0.503517,-0.863976,-0.004115,-0.093285,0.020317,-0.179509,-35.485111,-17.989264,-10.068040,,,,,,
1478106833.79,-1.547355,1.006547,-0.817083,-0.577822,-0.370352,1.689276,-0.534634,-0.844990,-0.012535,-0.085193,-0.002345,-0.221337,-35.485111,-17.989264,-10.068040,,,,,,
1478106833.81,-1.544667,0.976189,-0.830025,-0.293847,-0.363002,1.401015,-0.559992,-0.828369,-0.014636,-0.217733,0.008346,-0.047437,-36.509392,-15.812451,-10.059963,,,,,,
1478106833.83,-1.544901,0.952467,-0.834652,-0.086548,-0.122921,1.026369,-0.579480,-0.814848,-0.015009,-0.216083,-0.032640,-0.052725,-36.509392,-15.812451,-10.059963,,,,,,
1478106833.85,-1.549243,0.938073,-0.831056,0.205592,-0.040921,0.548475,-0.591206,-0.806420,-0.012745,-0.384090,-0.285179,0.028110,-37.360691,-13.868073,-9.799369,,,,,,
1478106833.87,-1.562023,0.932903,-0.815725,0.594415,-0.007002,0.094182,-0.595482,-0.803352,-0.005224,-0.443947,-1.002236,0.194052,-37.574455,-13.392336,-9.642500,,,,,,
1478106833.89,-1.581444,0.935253,-0.791316,0.742615,0.140055,-0.203872,-0.593581,-0.804749,0.006320,-0.428834,-1.533645,0.441830,-37.574455,-13.392336,-9.642500,,,,,,
1478106833.91,-1.601215,0.931840,-0.757347,1.289101,0.258727,0.404468,-0.596082,-0.802718,0.018138,0.203641,-2.539704,0.235524,-37.522369,-13.691063,-9.423306,,,,,,
1478106833.93,-1.661191,0.921375,-0.697888,2.007194,-1.147581,0.302026,-0.602257,-0.796434,0.054590,1.694908,-3.030257,0.289069,-37.548035,-13.696435,-9.312615,,,,,,
1478106833.95,-1.727405,0.941559,-0.648606,0.521991,-0.975441,-2.451742,-0.581326,-0.808477,0.091793,2.967968,-1.893702,0.762196,-37.755135,-14.338160,-7.289678,,,,,,
1478106833.97,-1.679291,0.950899,-0.706414,-2.988441,0.767712,3.321991,-0.577536,-0.813938,0.062906,2.674796,-2.545269,0.086721,-37.755135,-14.338160,-7.289678,,,,,,
1478106833.99,-1.628511,0.813651,-0.765211,0.472591,-0.465244,7.507841,-0.685706,-0.726799,0.039619,1.020240,-0.181480,-1.532722,-37.894958,-13.531254,-8.065323,,,,,,
1478106834.01,-1.565503,0.619881,-0.754549,0.516113,4.879031,11.265227,-0.813936,-0.580938,-0.004309,1.572817,-2.781061,0.501592,-37.894958,-13.531254,-8.065323,,,,,,
1478106834.03,-1.496797,0.398104,-0.736335,-0.458897,3.286806,9.793760,-0.919275,-0.387671,-0.068150,2.394480,-4.858804,0.371602,-39.326504,0.649500,-11.712235,,,,,,
1478106834.05,-1.449012,0.253631,-0.792970,-4.461089,0.378665,5.377928,-0.960838,-0.250921,-0.117597,2.677833,-2.856730,1.092587,-38.003471,6.921887,-13.856252,,,,,,
1478106834.07,-1.440611,0.157954,-0.860359,-3.187455,-0.308691,4.293147,-0.979194,-0.157298,-0.128201,2.983848,-2.097326,0.647366,-35.606754,15.214729,-13.595709,,,,,,
1478106834.09,-1.427305,0.058927,-0.875630,-0.225734,1.259729,5.054179,-0.988005,-0.058893,-0.142752,3.051207,-1.708884,0.738287,-35.606754,15.214729,-13.595709,,,,,,
1478106834.11,-1.389664,-0.022262,-0.838143,1.791022,2.211450,3.511854,-0.983397,0.022261,-0.180099,1.870909,-0.910597,0.364181,-32.366814,21.577633,-13.075446,,,,,,
1478106834.13,-1.345128,-0.045427,-0.794312,1.889261,1.748752,0.280149,-0.973639,0.045411,-0.223527,0.762137,1.509856,0.067475,-29.340824,23.671286,-16.215996,,,,,,
1478106834.15,-1.335925,0.023331,-0.764886,2.442325,-0.436389,-5.366745,-0.972280,-0.023329,-0.232655,0.410848,2.250029,-0.084408,-29.340824,23.671286,-16.215996,,,,,,
1478106834.17,-1.390206,0.151683,-0.767958,2.913568,8.583991,-10.841629,-0.972443,-0.151102,-0.177548,-1.746765,7.349588,1.161358,-31.171513,19.805029,-17.896078,,,,,,
1478106834.19,-1.309697,0.439102,-0.729851,4.631588,1.586517,-12.642145,-0.874456,-0.425127,-0.233653,3.463918,-2.378279,-2.428669,-34.686665,7.936801,-20.445404,,,,,,
1478106834.21,-1.326709,0.718890,-0.690267,4.423023,0.239067,-11.665744,-0.730231,-0.658550,-0.181866,2.346457,0.607250,0.439801,-34.686665,7.936801,-20.445404,,,,,,
1478106834.23,-1.338461,0.920709,-0.649663,3.999673,0.493858,-9.595026,-0.588993,-0.796031,-0.139361,0.716328,1.533168,-0.758512,-34.310596,-8.201728,-20.968706,,,,,,
1478106834.25,-1.397325,1.130464,-0.593215,3.295956,-0.326826,-9.660390,-0.419843,-0.904610,-0.073570,0.495435,-0.185051,0.007042,-30.936489,-18.023212,-20.056660,,,,,,
1478106834.27,-1.514248,1.313979,-0.481923,2.728746,-0.952673,-8.543792,-0.253597,-0.967203,-0.014356,-0.036823,0.118845,-0.231921,-30.936489,-18.023212,-20.056660,,,,,,
1478106834.29,-1.873639,1.462763,-0.154829,1.575542,-2.392399,-6.793359,-0.102917,-0.994170,0.032157,-1.271214,-0.911164,-1.000601,-24.901047,-27.533573,-17.493206,,,,,,
1478106834.31,-2.862424,1.518570,0.776161,0.264461,-3.158029,-2.401581,-0.014385,-0.998637,0.050181,-2.471867,-2.204962,-0.626490,-19.621229,-32.992058,-14.515635,,,,,,
1478106834.33,-2.101079,1.514486,-0.058582,-2.184739,-3.728039,3.555653,-0.048551,-0.998415,0.028465,-3.953356,-3.205030,-0.432823,-19.621229,-32.992058,-14.515635,,,,,,
1478106834.35,-1.428223,1.504106,-0.819924,-1.481900,-2.974223,0.136704,-0.065965,-0.997777,-0.009469,-6.059707,0.600286,-0.854529,-21.217913,-32.591133,-13.106882,,,,,,
1478106834.37,-1.252974,1.477390,-1.043525,-1.137312,-2.654915,1.275191,-0.088600,-0.995641,-0.029147,-1.598549,0.299352,0.184192,-23.512938,-31.263220,-12.406648,,,,,,
1478106834.39,-1.324566,1.300156,-1.026055,-2.862032,-3.110078,14.355749,-0.259285,-0.963600,-0.065166,-2.896156,0.107063,0.042232,-23.512938,-31.263220,-12.406648,,,,,,
1478106834.41,-1.323192,1.174997,-1.015564,0.464968,1.732955,3.163997,-0.373787,-0.922689,-0.094490,-2.579856,1.210103,-0.927605,-29.698532,-25.646542,-12.017662,,,,,,
1478106834.43,-1.303347,1.104443,-0.991976,-0.770434,1.511107,3.728643,-0.433647,-0.893214,-0.118825,0.545585,0.552851,0.155004,-32.823662,-20.418995,-13.778392,,,,,,
1478106834.45,-1.318277,1.039327,-0.991074,-0.955426,-1.479517,3.326949,-0.490727,-0.862064,-0.126621,0.069615,-0.104581,0.308857,-32.823662,-20.418995,-13.778392,,,,,,
1478106834.47,-1.350210,0.962039,-0.987409,-0.582390,-1.399053,3.807112,-0.557992,-0.820359,-0.125121,-0.204017,-0.156508,-0.416657,-34.639484,-16.681631,-14.352751,,,,,,
1478106834.49,-1.392097,0.896036,-0.969385,0.169445,-1.307098,3.048725,-0.614762,-0.780857,-0.111042,-0.835494,-0.576596,-0.149807,-36.844410,-12.441882,-13.109583,,,,,,
1478106834.51,-1.433946,0.849690,-0.933022,1.070384,-0.173367,2.137417,-0.654044,-0.751076,-0.090069,-0.982889,-1.214562,0.080883,-36.844410,-12.441882,-13.109583,,,,,,
1478106834.53,-1.456138,0.817807,-0.885750,1.631083,1.125250,1.719961,-0.679333,-0.729648,-0.078234,-0.382572,-2.923566,0.131335,-38.079201,-9.611073,-11.906896,,,,,,
1478106834.55,-1.480961,0.796874,-0.821298,2.425314,0.778464,0.324353,-0.696127,-0.715174,-0.062706,1.279883,-3.223928,-0.126290,-38.238403,-8.136141,-12.481979,,,,,,
1478106834.57,-1.570793,0.852007,-0.709843,5.036070,-2.734111,-4.269711,-0.658474,-0.752603,-0.000002,1.792965,-3.622336,0.155733,-38.238403,-8.136141,-12.481979,,,,,,
1478106834.59,-1.661114,0.910171,-0.669516,-2.855445,-0.751112,0.787828,-0.611109,-0.789609,0.055345,1.782450,-3.973712,0.696273,-37.792465,-11.043207,-11.573649,,,,,,
1478106834.61,-1.548034,0.773452,-0.803285,-3.364500,0.086179,8.277843,-0.715318,-0.698609,-0.016285,1.369600,-0.840942,-1.412960,-38.283348,-10.907000,-9.979722,,,,,,
1478106834.63,-1.463441,0.597758,-0.800506,0.996451,6.075953,9.880981,-0.821841,-0.562790,-0.088570,0.720599,-1.079406,-1.460365,-38.283348,-10.907000,-9.979722,,,,,,
1478106834.65,-1.366747,0.409575,-0.707541,3.284459,6.973663,8.863360,-0.898260,-0.398220,-0.185876,2.249640,-4.796406,0.959329,-38.636616,-0.388390,-13.828703,,,,,,
1478106834.67,-1.293219,0.258387,-0.698445,-4.888863,1.935080,6.787074,-0.929796,-0.255522,-0.264930,2.298296,-5.417971,2.374992,-34.040279,8.635905,-21.233292,,,,,,
1478106834.69,-1.285022,0.123550,-0.763954,-4.620599,-1.406158,5.058433,-0.952130,-0.123236,-0.279752,2.616696,-4.136423,0.440244,-34.040279,8.635905,-21.233292,,,,,,
1478106834.71,-1.324643,-0.006011,-0.805105,-2.904276,-2.030831,6.586065,-0.969839,0.006011,-0.243671,3.893835,-2.551635,0.716632,-31.245977,17.509140,-20.032251,,,,,,
1478106834.73,-1.345561,-0.157636,-0.789590,0.105432,-0.607371,7.549599,-0.962656,0.156984,-0.220567,3.221063,-1.604341,0.919984,-28.240862,24.841532,-16.417191,,,,,,
1478106834.75,-1.323359,-0.286398,-0.739430,0.907821,1.270295,6.242986,-0.930051,0.282499,-0.234944,1.856000,-0.951399,1.453786,-28.240862,24.841532,-16.417191,,,,,,
1478106834.77,-1.291301,-0.363661,-0.710313,0.211849,1.044598,2.335465,-0.898333,0.355698,-0.257829,0.829577,1.401031,-0.220748,-22.304628,30.006271,-16.920385,,,,,,
1478106834.79,-1.282071,-0.306222,-0.698555,1.694684,-1.148403,-6.150516,-0.914013,0.301459,-0.271484,0.165172,3.829843,-0.809433,-19.312378,31.361050,-18.102179,,,,,,
1478106834.81,-1.369224,-0.091162,-0.718892,1.945305,-4.076903,-12.099667,-0.975685,0.091035,-0.199379,0.226844,4.040267,-0.881539,-19.312378,31.361050,-18.102179,,,,,,
1478106834.83,-1.415750,0.167446,-0.709091,3.034889,-1.843976,-13.128650,-0.974186,-0.166664,-0.152266,2.117970,0.487755,0.266890,-28.213108,24.208668,-17.381977,,,,,,
1478106834.85,-1.471057,0.463896,-0.681804,3.053949,-2.255648,-15.173477,-0.889872,-0.447436,-0.089051,2.230448,-0.830122,0.797303,-36.192459,9.853286,-16.649044,,,,,,
1478106834.87,-1.510156,0.763327,-0.650408,2.051164,-0.421578,-14.214741,-0.721212,-0.691329,-0.043788,2.144338,-1.217942,0.696117,-36.192459,9.853286,-16.649044,,,,,,
,,,,,,,,,,,,,,,,37.352976,-122.034795,43.160034,-1.000000,-1.000000,1478106834.66
1478106834.89,-1.548745,1.016754,-0.618317,1.358369,-1.106433,-11.823997,-0.526001,-0.850405,-0.011601,0.698563,-0.129026,-0.419918,-35.093353,-15.547838,-14.522178,,,,,,
1478106834.91,-1.649145,1.235822,-0.545438,1.241010,-1.811872,-10.552127,-0.327736,-0.944419,0.025730,-0.444404,0.070151,-0.408085,-35.093353,-15.547838,-14.522178,,,,,,
1478106834.93,-1.923817,1.417396,-0.313159,0.534819,-2.871327,-8.510994,-0.143377,-0.988257,0.052828,-1.200221,-0.266595,-0.289766,-28.726889,-26.674503,-12.141202,,,,,,
1478106834.95,-3.124744,1.513356,0.822437,-0.347955,-3.338336,-6.050205,-0.000967,-0.998351,0.057401,-2.568018,-1.754945,0.281756,-22.305244,-33.113041,-9.496045,,,,,,
1478106834.97,2.088410,1.498511,1.828726,-1.383270,-3.434422,-0.985428,0.062761,-0.997389,0.035736,-6.910554,-3.419497,0.376144,-22.305244,-33.113041,-9.496045,,,,,,
1478106834.99,1.643298,1.465331,2.243842,-0.796773,-0.204707,-2.535031,0.104993,-0.994444,0.007626,-7.740461,-0.800585,0.290470,-22.305244,-33.113041,-9.496045,,,,,,
1478106835.01,1.579937,1.465808,2.326315,-0.514893,0.820131,1.199343,0.104791,-0.994494,0.000958,-3.491281,-0.032438,0.099521,-18.410395,-35.482803,-9.284398,,,,,,
1478106835.03,1.281289,1.511976,2.623289,-0.724515,-0.851340,3.986005,0.056340,-0.998271,-0.016782,-2.765385,-0.331106,-0.235659,-18.410395,-35.482803,-9.284398,,,,,,
1478106835.05,-1.470613,1.349116,-0.901855,-0.731786,4.293489,14.319729,-0.218767,-0.975529,-0.021990,-6.711302,-4.997631,0.808520,-21.681711,-33.389778,-9.959823,,,,,,
1478106835.07,-1.320555,1.249478,-1.038912,-2.464697,0.435906,3.746723,-0.305981,-0.948820,-0.078208,-0.082691,2.388929,-1.847359,-30.565044,-24.713486,-11.798051,,,,,,
1478106835.09,-1.344181,1.117806,-1.011196,-1.637915,-0.604185,6.107009,-0.426466,-0.899143,-0.098333,-1.332964,-1.561886,0.297414,-30.565044,-24.713486,-11.798051,,,,,,
1478106835.11,-1.367595,1.019650,-1.023277,-0.409660,-1.091683,4.229439,-0.512890,-0.851925,-0.105678,-1.246540,-1.609104,0.304760,-34.417156,-18.454370,-12.612206,,,,,,
1478106835.13,-1.403908,0.936446,-1.004775,-0.439566,-1.367785,4.279400,-0.584420,-0.805457,-0.098449,0.317559,-0.226983,-0.657075,-36.985466,-13.559875,-11.505543,,,,,,
1478106835.15,-1.460386,0.851138,-0.979728,0.487923,-1.889140,3.946319,-0.655114,-0.752031,-0.072627,-1.083534,-1.125441,-0.092061,-36.985466,-13.559875,-11.505543,,,,,,
1478106835.17,-1.512725,0.787485,-0.934038,1.731969,-0.181724,2.970754,-0.704440,-0.708581,-0.040954,-1.352674,-2.171592,0.638961,-38.949890,-8.809583,-9.458838,,,,,,
1478106835.19,-1.545008,0.738209,-0.859276,3.051178,1.148198,2.038916,-0.739429,-0.672964,-0.019073,-0.715756,-3.592692,0.395202,-39.570595,-5.842850,-9.176128,,,,,,
,,,,,,,,,,,,,,,,37.353099,-122.034822,41.559814,1.100000,-1.000000,1478106834.40
1478106835.21,-1.575059,0.766617,-0.763140,4.416944,2.702830,-4.027594,-0.720255,-0.693702,0.003070,2.527979,-4.542412,0.587277,-39.570595,-5.842850,-9.176128,,,,,,
1478106835.23,-1.614068,0.852528,-0.671907,0.751150,-0.654963,-1.132319,-0.657466,-0.752946,0.028467,2.465190,-4.483168,0.561880,-38.629490,-8.733202,-10.754812,,,,,,
1478106835.25,-1.544106,0.744156,-0.750186,-3.094296,0.672269,6.566145,-0.735398,-0.677351,-0.019632,1.663468,-2.613894,-0.123846,-38.565544,-8.030317,-11.505867,,,,,,
,,,,,,,,,,,,,,,,37.353105,-122.034823,41.592743,1.100000,-1.000000,1478106835.00
1478106835.27,-1.443619,0.570333,-0.808861,-2.234885,3.633381,10.093159,-0.834923,-0.539912,-0.106760,1.056817,-2.989690,-0.819876,-38.565544,-8.030317,-11.505867,,,,,,
1478106835.29,-1.404043,0.392165,-0.771049,1.916221,2.665624,7.692086,-0.911266,-0.382190,-0.153381,1.209102,-3.393719,-1.042909,-38.104454,2.836767,-14.972498,,,,,,
1478106835.31,-1.387872,0.242310,-0.731953,-1.992132,1.164206,7.908637,-0.954590,-0.239945,-0.176592,2.031555,-4.110198,1.619448,-35.303410,11.269192,-17.630844,,,,,,
1478106835.33,-1.385716,0.087249,-0.774758,-3.432230,-1.184489,6.919924,-0.979183,-0.087138,-0.183325,3.216594,-3.556111,0.500784,-35.303410,11.269192,-17.630844,,,,,,
1478106835.35,-1.414062,-0.065915,-0.803126,-2.188863,-1.455741,7.662581,-0.985597,0.065867,-0.155754,3.223009,-3.709117,0.473213,-31.938505,20.282164,-15.897728,,,,,,
1478106835.37,-1.436525,-0.226866,-0.809767,-1.161751,-0.570528,7.934008,-0.965606,0.224925,-0.130438,3.248016,-2.789653,1.188162,-26.939056,27.993767,-13.221514,,,,,,
1478106835.39,-1.421029,-0.371509,-0.804314,-0.471335,1.448201,6.455683,-0.921350,0.363022,-0.139029,2.271875,-1.943054,1.336447,-26.939056,27.993767,-13.221514,,,,,,
1478106835.41,-1.383479,-0.457167,-0.794511,-0.301617,1.608553,2.792714,-0.881610,0.441408,-0.167100,1.687076,-0.882799,0.616487,-20.153465,33.318649,-12.956754,,,,,,
1478106835.43,-1.339924,-0.451035,-0.785644,1.715915,2.073389,-2.250008,-0.876117,0.435897,-0.205943,0.999896,1.132661,-1.103169,-17.239191,34.574490,-13.841492,,,,,,
1478106835.45,-1.335274,-0.316961,-0.755793,3.158192,-2.364112,-8.309321,-0.923955,0.311680,-0.221727,1.066045,3.820461,-0.900832,-17.239191,34.574490,-13.841492,,,,,,
1478106835.47,-1.387446,-0.111616,-0.724950,3.849880,-2.849961,-10.742973,-0.977120,0.111384,-0.181190,1.730248,3.994359,-0.706048,-23.227459,29.671585,-16.255899,,,,,,
1478106835.49,-1.452074,0.172062,-0.683463,4.211349,-3.438913,-15.199612,-0.978299,-0.171214,-0.116695,2.849026,-0.921178,0.765361,-33.060539,17.786543,-16.577448,,,,,,
1478106835.51,-1.518978,0.490883,-0.638524,2.784714,-1.530190,-15.539419,-0.880733,-0.471404,-0.045679,2.505459,-2.685288,0.383844,-33.060539,17.786543,-16.577448,,,,,,
1478106835.53,-1.547210,0.775007,-0.598085,1.803156,0.151508,-13.390481,-0.714218,-0.699721,-0.016849,2.338943,-2.456972,0.355014,-38.228722,-0.814083,-14.902152,,,,,,
1478106835.55,-1.571331,1.033539,-0.557801,1.354417,0.235023,-12.619801,-0.511781,-0.859116,0.000274,0.154329,0.266525,-0.595763,-34.597366,-16.458315,-14.707763,,,,,,
1478106835.57,-1.679799,1.273708,-0.459916,1.389424,-1.434025,-11.566333,-0.291000,-0.956193,0.031846,-0.681122,0.077226,-0.785325,-29.615982,-24.806606,-13.845509,,,,,,
1478106835.59,-2.157193,1.452160,-0.027566,1.045689,-3.405229,-8.371880,-0.098585,-0.992971,0.065495,-1.344088,-0.406718,-0.604344,-29.615982,-24.806606,-13.845509,,,,,,
1478106835.61,2.818255,1.490218,1.211956,-0.107042,-3.706913,-4.002086,0.025575,-0.996755,0.076320,-3.311448,-3.517679,0.488851,-22.179939,-32.779900,-10.848999,,,,,,
1478106835.63,2.444209,1.521077,1.515687,-3.006431,-3.527787,0.239032,0.031917,-0.998764,0.038095,-7.966304,-1.511459,0.583304,-20.363131,-34.416767,-9.219614,,,,,,
1478106835.65,1.651040,1.480828,2.277605,-0.234054,0.855813,-2.423140,0.089558,-0.995956,0.007202,-8.023945,-1.514268,0.614197,-20.363131,-34.416767,-9.219614,,,,,,
1478106835.67,1.546420,1.482501,2.394895,-0.651479,-0.016899,1.273318,0.088155,-0.996104,-0.002149,-2.816777,0.362880,0.241026,-18.627613,-35.205406,-9.887548,,,,,,
1478106835.69,1.126685,1.516666,2.806242,-2.027376,-0.477310,1.873888,0.048856,-0.998535,-0.023246,-1.310483,-0.119217,-0.867150,-19.937103,-34.281971,-10.556062,,,,,,
1478106835.71,-1.414981,1.356356,-0.915616,2.205169,7.700259,19.125763,-0.210222,-0.977096,-0.033024,-5.246183,-4.979814,-1.293209,-19.937103,-34.281971,-10.556062,,,,,,
1478106835.73,-1.344348,1.157576,-1.000124,-2.955752,-2.340013,7.105711,-0.391308,-0.915833,-0.090158,-5.120838,4.363922,0.383325,-29.748434,-25.416521,-12.377527,,,,,,
1478106835.75,-1.333190,1.066196,-0.976960,0.090204,3.635230,2.440136,-0.469874,-0.875368,-0.113795,0.088771,-0.940581,0.268031,-34.288910,-18.122107,-13.417597,,,,,,
1478106835.77,-1.359168,1.000495,-0.948868,-0.412645,-0.251524,4.055788,-0.527841,-0.841738,-0.113404,0.164636,-0.767133,-0.912414,-34.288910,-18.122107,-13.417597,,,,,,
1478106835.79,-1.401925,0.908631,-0.924148,0.125060,-1.285984,4.746943,-0.606080,-0.788663,-0.103334,-0.182525,-0.750705,-0.141372,-35.809483,-14.523617,-13.817293,,,,,,
1478106835.81,-1.443110,0.821245,-0.877603,1.396914,0.235617,4.351032,-0.675764,-0.731995,-0.086758,-1.505709,-2.436890,0.368404,-35.809483,-14.523617,-13.817293,,,,,,
1478106835.83,-1.458919,0.767055,-0.798777,3.061851,2.660378,1.652345,-0.715457,-0.694018,-0.080379,-1.119580,-3.773435,0.388866,-38.102272,-8.107386,-12.909657,,,,,,
1478106835.85,-1.530692,0.813842,-0.696249,4.048069,-0.450914,-4.925292,-0.686158,-0.726931,-0.027533,2.009095,-4.315855,1.355413,-37.758190,-8.501038,-13.646374,,,,,,
1478106835.87,-1.522572,0.873285,-0.688640,-2.704469,3.045656,1.493166,-0.641566,-0.766443,-0.030963,0.980097,-4.191412,1.040653,-37.758190,-8.501038,-13.646374,,,,,,
1478106835.89,-1.402711,0.736650,-0.781509,-4.052488,1.995925,8.555039,-0.730284,-0.671810,-0.123919,1.582320,-5.817631,-0.231305,-36.722256,-10.908181,-14.719368,,,,,,
1478106835.91,-1.350670,0.512008,-0.801867,-1.379155,1.576412,10.617164,-0.850727,-0.489928,-0.190352,2.697666,-3.844148,-0.144288,-36.984688,0.959759,-17.759048,,,,,,
1478106835.93,-1.370291,0.335328,-0.733666,1.746845,-1.009815,9.539425,-0.925384,-0.329079,-0.188072,2.603454,-4.781120,-0.108116,-35.744514,7.785937,-18.597879,,,,,,
1478106835.95,-1.383365,0.131710,-0.713454,-3.056269,-0.197403,10.368720,-0.973977,-0.131329,-0.184722,3.014885,-4.673389,2.927474,-35.744514,7.785937,-18.597879,,,,,,
1478106835.97,-1.392265,-0.078285,-0.735421,-2.611216,-0.522088,9.884604,-0.981091,0.078205,-0.177040,2.426541,-3.491704,0.748909,-32.042183,18.644032,-17.603149,,,,,,
1478106835.99,-1.396307,-0.272735,-0.745916,-2.157966,0.105106,9.241967,-0.948414,0.269367,-0.167189,2.378712,-3.667667,0.734114,-25.237545,28.418161,-15.480522,,,,,,
1478106836.01,-1.392673,-0.452286,-0.766182,-2.696060,0.849076,8.240670,-0.885219,0.437023,-0.159367,2.639797,-3.842021,1.232746,-25.237545,28.418161,-15.480522,,,,,,
1478106836.03,-1.377495,-0.607145,-0.795930,-2.442954,1.854107,6.779446,-0.805984,0.570525,-0.157768,2.523391,-2.239821,1.140098,-16.731466,34.986538,-13.422831,,,,,,
1478106836.05,-1.354901,-0.718830,-0.816375,-1.672117,1.336292,4.143474,-0.735106,0.658504,-0.161218,1.991576,-0.790249,0.470697,-10.020916,38.013344,-11.778761,,,,,,
1478106836.07,-1.287303,-0.731081,-0.809682,2.372493,5.433472,-2.080751,-0.714738,0.667675,-0.208232,1.962372,0.501148,0.185633,-10.020916,38.013344,-11.778761,,,,,,
1478106836.09,-1.195276,-0.579901,-0.796362,3.508543,-0.935791,-10.153865,-0.778226,0.547941,-0.306798,2.765881,4.439516,-1.496944,-6.852859,38.705673,-11.793272,,,,,,
1478106836.11,-1.255392,-0.310315,-0.779096,6.082784,-4.425576,-13.164603,-0.905264,0.305359,-0.295385,2.838782,1.774567,0.413213,-15.639166,34.351303,-16.111380,,,,,,
1478106836.13,-1.344841,0.012156,-0.750040,5.236369,-4.685688,-16.537498,-0.974509,-0.012156,-0.224021,3.192663,1.559916,0.976859,-15.639166,34.351303,-16.111380,,,,,,
1478106836.15,-1.410997,0.375530,-0.722717,4.341663,-1.688070,-17.635834,-0.918460,-0.366766,-0.148032,3.866352,-1.966456,1.207327,-30.206221,21.213968,-17.936668,,,,,,
1478106836.17,-1.448642,0.707275,-0.678012,4.272847,-0.665296,-15.179648,-0.754471,-0.649765,-0.092623,3.430023,-2.512039,0.465090,-37.247856,0.717031,-17.212070,,,,,,
1478106836.19,-1.517367,1.004827,-0.614543,2.767325,-1.120608,-14.236202,-0.535469,-0.844069,-0.028637,2.110329,-1.444414,0.338390,-37.247856,0.717031,-17.212070,,,,,,
1478106836.21,-1.651696,1.268794,-0.501124,2.145790,-1.749592,-12.650865,-0.296460,-0.954743,0.024036,0.789944,-0.637405,-0.457462,-33.888031,-17.309565,-15.367249,,,,,,
1478106836.23,-2.359074,1.464024,0.169883,2.045774,-2.794532,-10.195239,-0.075139,-0.994305,0.075573,-1.133494,-1.777851,0.045506,-25.474613,-29.741693,-12.273878,,,,,,
1478106836.25,2.433375,1.444651,1.604354,0.471419,-2.866901,-5.499011,0.081838,-0.992054,0.095556,-1.798711,-3.340786,0.138712,-25.474613,-29.741693,-12.273878,,,,,,
,,,,,,,,,,,,,,,,37.352955,-122.034830,51.754730,1.100000,348.046875,1478106836.00
1478106836.27,2.114423,1.419160,1.890192,-2.119085,-1.911345,-0.923650,0.129279,-0.988525,0.078133,-7.605384,-3.178879,1.257820,-17.916061,-35.807373,-9.001059,,,,,,
1478106836.29,1.596952,1.399083,2.330043,-1.577876,-3.378419,-2.966753,0.170812,-0.985294,0.004469,-8.296347,-1.276730,-0.032026,-16.573292,-36.308170,-9.550657,,,,,,
1478106836.31,1.659093,1.388169,2.271206,0.317431,0.585490,0.974680,0.180907,-0.983370,0.016015,-5.575316,0.374163,-0.367929,-16.573292,-36.308170,-9.550657,,,,,,
1478106836.33,1.586555,1.426977,2.363425,-1.596633,0.911747,1.617121,0.143306,-0.989676,0.002259,-2.015834,-0.751184,-1.485260,-15.568972,-36.776001,-9.450133,,,,,,
1478106836.35,-1.374119,1.549992,-0.880741,1.819021,8.531343,17.483301,-0.020402,-0.999784,-0.004065,-3.241286,-5.392871,0.438712,-17.537312,-35.254295,-11.565020,,,,,,
1478106836.37,-1.368709,1.229202,-0.871064,-7.520076,1.598140,5.911519,-0.328173,-0.942222,-0.067237,-7.735029,-1.540429,2.021430,-17.537312,-35.254295,-11.565020,,,,,,
1478106836.39,-1.274669,1.144825,-0.969780,-0.038294,4.348023,2.462307,-0.395220,-0.910638,-0.120581,0.196002,-0.145652,0.546927,-30.286831,-23.656012,-14.396984,,,,,,
1478106836.43,-1.270930,1.057752,-0.957988,-0.817079,-0.024465,2.374634,-0.468929,-0.871254,-0.144988,-0.047504,-0.900856,0.719390,-31.928289,-19.961058,-16.319086,,,,,,
1478106836.41,-1.280685,1.102434,-0.947709,-0.551904,-0.010388,2.403872,-0.432561,-0.892309,-0.129134,-0.083873,-0.879801,0.703536,-31.928289,-19.961058,-16.319086,,,,,,
1478106836.45,-1.332479,0.991398,-0.887145,2.259279,0.272576,4.016754,-0.532046,-0.836792,-0.129252,-0.078733,-3.007187,-0.077031,-33.237362,-17.454252,-16.577065,,,,,,
1478106836.47,-1.457417,0.965873,-0.722576,4.379385,-0.855941,0.885391,-0.565047,-0.822546,-0.064341,0.682922,-5.246820,1.485392,-34.665585,-14.878674,-16.158419,,,,,,
1478106836.49,-1.482702,0.950746,-0.717092,-1.363361,0.906276,1.536395,-0.578823,-0.813849,-0.051123,1.294109,-3.214044,3.747016,-34.665585,-14.878674,-16.158419,,,,,,
1478106836.51,-1.388017,0.861011,-0.792488,-3.630383,1.003209,6.222928,-0.640816,-0.758502,-0.118450,1.664086,-4.304838,-0.974293,-35.441032,-14.666518,-14.594470,,,,,,
1478106836.53,-1.364206,0.645137,-0.822755,-2.884784,-0.476318,12.191929,-0.782027,-0.601308,-0.163898,1.117248,-3.466838,-1.276807,-36.671471,-7.011080,-17.035847,,,,,,
1478106836.55,-1.414960,0.437251,-0.783118,1.260649,-2.431903,9.246117,-0.894941,-0.423451,-0.140605,1.758940,-3.816021,-0.953588,-36.671471,-7.011080,-17.035847,,,,,,
1478106836.57,-1.486524,0.252142,-0.730771,0.847614,-2.122449,9.674879,-0.964944,-0.249479,-0.081511,2.355172,-4.228992,0.677153,-37.344994,5.838311,-15.982416,,,,,,
1478106836.59,-1.508386,0.054726,-0.732663,-1.455940,-0.280651,9.875876,-0.996559,-0.054699,-0.062277,2.572929,-4.531636,1.717611,-35.248425,16.002417,-13.625096,,,,,,
1478106836.61,-1.498800,-0.139118,-0.750424,-1.421025,1.018125,9.311522,-0.987773,0.138670,-0.071239,2.318736,-3.706389,0.711239,-31.449459,22.974058,-12.934315,,,,,,
1478106836.63,-1.471216,-0.313318,-0.767056,-1.803817,1.862683,8.091021,-0.946603,0.308217,-0.094576,2.404520,-3.996938,0.867174,-31.449459,22.974058,-12.934315,,,,,,
1478106836.65,-1.442081,-0.457348,-0.803543,-2.823963,2.206095,6.248075,-0.889804,0.441571,-0.115168,2.812610,-3.108563,0.776927,-23.710285,30.968767,-12.764404,,,,,,
1478106836.67,-1.423508,-0.566573,-0.848326,-2.393715,1.956612,4.432033,-0.834610,0.536744,-0.123825,2.757416,-3.203736,0.785583,-23.710285,30.968767,-12.764404,,,,,,
1478106836.69,-1.418043,-0.622879,-0.876547,-0.887391,0.834102,1.457295,-0.802745,0.583376,-0.123584,2.370219,0.040038,0.205066,-12.618476,37.747704,-10.002863,,,,,,
1478106836.71,-1.315705,-0.596851,-0.822619,4.157723,4.892096,-3.151969,-0.800344,0.562041,-0.208708,1.758047,5.302613,0.441847,-12.618476,37.747704,-10.002863,,,,,,
1478106836.73,-1.268971,-0.415270,-0.783157,5.305508,-1.484741,-11.246375,-0.873645,0.403437,-0.271999,2.924762,6.920080,-0.500737,-12.692430,36.606754,-13.528490,,,,,,
1478106836.75,-1.307341,-0.119265,-0.741465,6.191953,-2.736547,-14.888188,-0.958637,0.118982,-0.258568,3.261845,0.864828,0.745598,-12.692430,36.606754,-13.528490,,,,,,
1478106836.77,-1.365992,0.219829,-0.702352,5.514289,-2.807975,-16.748749,-0.955538,-0.218063,-0.198482,3.611209,-1.173691,0.749659,-30.564026,19.736469,-18.986418,,,,,,
1478106836.79,-1.430154,0.579541,-0.666418,4.075685,-2.211916,-17.273233,-0.828453,-0.547640,-0.117290,3.731361,-1.843596,0.666667,-35.102554,9.861137,-18.834564,,,,,,
1478106836.81,-1.515001,0.891777,-0.613003,3.366710,-2.645791,-14.376329,-0.627053,-0.778189,-0.035023,2.770241,-1.731988,-0.083248,-36.206207,-10.452448,-16.248968,,,,,,
1478106836.83,-1.673638,1.163800,-0.498776,2.310466,-3.283467,-13.194528,-0.393761,-0.918314,0.040638,1.183999,-1.016684,0.318798,-36.206207,-10.452448,-16.248968,,,,,,
1478106836.85,-2.118695,1.371409,-0.099425,2.370496,-2.578299,-10.316242,-0.169075,-0.980188,0.103173,0.259789,-0.662466,0.260078,-30.047092,-25.340586,-11.798273,,,,,,
1478106836.87,-3.108747,1.432371,0.850759,0.846269,-2.613240,-6.529882,-0.004531,-0.990435,0.137909,-1.542267,-1.774641,0.593033,-30.047092,-25.340586,-11.798273,,,,,,
1478106836.89,2.565136,1.403539,1.427692,-0.599551,-1.918030,-3.234418,0.090740,-0.986045,0.139575,-6.146908,-6.620767,0.023328,-21.057526,-34.446091,-7.363397,,,,,,
1478106836.91,1.991816,1.329662,2.005390,-0.977957,0.020772,-7.396583,0.217951,-0.971068,0.097597,-8.430902,-5.446383,1.758466,-17.353794,-36.559505,-6.813272,,,,,,
1478106836.93,1.986526,1.276865,2.044334,-0.014798,1.090944,0.320896,0.265040,-0.957112,0.117004,-5.063929,-1.276500,-1.478867,-11.076539,-38.737015,-7.805504,,,,,,
1478106836.95,2.008018,1.334699,2.035946,-1.124216,0.634924,3.179800,0.211907,-0.972258,0.099043,-4.435478,0.538725,-0.719176,-11.076539,-38.737015,-7.805504,,,,,,
1478106836.97,2.017208,1.381253,2.048701,-1.558454,4.594210,2.098488,0.169947,-0.982090,0.081343,-2.842035,-0.017162,-0.815504,-13.515085,-37.676342,-9.055826,,,,,,
1478106836.99,-1.880940,1.368554,-0.260245,-0.966622,-3.612674,21.532860,-0.191283,-0.979619,0.061303,-6.764207,-6.694652,-2.316858,-21.863588,-32.311005,-12.733995,,,,,,
1478106837.01,-1.457212,1.281947,-0.718954,-5.388378,-4.262322,1.565378,-0.283013,-0.958572,-0.032285,-0.486335,2.349030,-1.899112,-27.670853,-27.052431,-13.662428,,,,,,
1478106837.03,-1.341432,1.208524,-0.836561,-1.177118,1.791054,4.003646,-0.345118,-0.935094,-0.080576,0.638987,1.521871,-0.400275,-27.670853,-27.052431,-13.662428,,,,,,
1478106837.05,-1.346982,1.129705,-0.839981,-0.693840,0.165043,3.292320,-0.416278,-0.904286,-0.094756,-0.469815,-0.964961,0.369491,-30.379648,-22.359221,-16.165222,,,,,,
1478106837.07,-1.356176,1.067793,-0.846875,-0.725357,-0.894965,2.752846,-0.470999,-0.876139,-0.102667,-1.158014,-0.825018,-0.327158,-32.790352,-18.724552,-16.073463,,,,,,
1478106837.09,-1.403207,1.029200,-0.782749,2.669273,1.098694,2.112498,-0.508282,-0.856887,-0.085989,-1.120426,-1.534547,-0.298013,-32.790352,-18.724552,-16.073463,,,,,,
1478106837.11,-1.545751,1.047953,-0.597680,4.532459,-2.183318,-2.130126,-0.499189,-0.866403,-0.012505,0.084745,-4.092261,1.860772,-33.356491,-18.205517,-15.494381,,,,,,
1478106837.13,-1.538217,1.077533,-0.629144,-2.558664,2.435004,-0.472793,-0.473251,-0.880793,-0.015424,1.333114,-2.775900,2.111127,-33.356491,-18.205517,-15.494381,,,,,,
1478106837.15,-1.352842,1.027691,-0.781741,-4.865159,1.467416,4.358325,-0.504571,-0.856108,-0.111748,1.579858,-2.922243,-0.107139,-32.811260,-19.447487,-15.145581,,,,,,
1478106837.17,-1.325781,0.847860,-0.829149,-1.860289,-1.943465,9.779928,-0.641830,-0.749866,-0.160483,2.407562,-3.133541,-1.642542,-34.708023,-11.959995,-18.343494,,,,,,
1478106837.19,-1.439489,0.681275,-0.764006,1.648589,-4.292089,8.389651,-0.770084,-0.629784,-0.101703,2.539966,-2.787270,-0.203183,-34.708023,-11.959995,-18.343494,,,,,,
1478106837.21,-1.557780,0.495566,-0.720979,0.304629,-4.215106,9.887589,-0.879625,-0.475530,-0.011450,2.599581,-3.104487,0.285040,-38.290009,-2.443037,-14.562926,,,,,,
1478106837.23,-1.610960,0.288253,-0.742248,-1.008546,-2.445302,10.477092,-0.957969,-0.284278,0.038496,2.530234,-3.224542,0.807786,-38.770905,9.139495,-9.872123,,,,,,
1478106837.25,-1.637332,0.086820,-0.766021,-0.364393,-0.909876,9.813701,-0.994029,-0.086711,0.066236,2.169078,-2.486516,0.446673,-38.770905,9.139495,-9.872123,,,,,,
1478106837.27,-1.636778,-0.094201,-0.787715,-0.736145,0.606562,8.595514,-0.993400,0.094061,0.065642,2.034538,-2.699423,0.514131,-34.651730,20.517775,-7.902583,,,,,,
1478106837.29,-1.611121,-0.240268,-0.827289,-1.899562,2.109606,6.572526,-0.970485,0.237963,0.039156,2.070338,-2.726946,0.584562,-28.300198,28.649464,-7.904382,,,,,,
,,,,,,,,,,,,,,,,37.352970,-122.034848,51.730988,1.280000,350.859375,1478106837.00
1478106837.31,-1.567083,-0.342132,-0.865391,-1.467936,3.075417,4.283685,-0.942035,0.335496,-0.003498,2.310382,-1.735017,0.123203,-28.300198,28.649464,-7.904382,,,,,,
1478106837.33,-1.513621,-0.390281,-0.875448,-0.037535,3.276710,1.289958,-0.923291,0.380449,-0.052847,2.245312,-0.501039,0.134497,-22.920406,32.989719,-8.396760,,,,,,
1478106837.35,-1.399693,-0.371632,-0.840225,2.703199,5.943008,-2.476581,-0.918130,0.363137,-0.158646,0.947046,1.746909,-0.269180,-20.886839,33.435837,-11.399859,,,,,,
1478106837.37,-1.293220,-0.249569,-0.802490,4.108765,3.257273,-6.869175,-0.931927,0.246986,-0.265536,2.021664,4.953606,-0.597242,-21.634340,31.689037,-14.557904,,,,,,
1478106837.39,-1.263113,-0.032424,-0.756561,5.684011,-0.110524,-12.024423,-0.952537,0.032419,-0.302692,3.241264,3.721991,-0.447445,-21.634340,31.689037,-14.557904,,,,,,
1478106837.41,-1.308768,0.274616,-0.737448,4.949271,-2.933143,-14.879897,-0.929675,-0.271177,-0.249334,3.390262,0.130323,0.373296,-29.315329,20.256649,-20.358091,,,,,,
1478106837.43,-1.372133,0.576546,-0.713081,4.252425,-2.561754,-14.120235,-0.821861,-0.545132,-0.165456,3.238197,-0.883335,0.144872,-36.016823,2.650454,-19.491943,,,,,,
1478106837.45,-1.460419,0.853608,-0.672801,3.348324,-3.196465,-12.865709,-0.653269,-0.753657,-0.072401,2.951975,-0.937200,0.011152,-36.016823,2.650454,-19.491943,,,,,,
1478106837.47,-1.592415,1.092141,-0.593807,2.348480,-3.303065,-11.253202,-0.460478,-0.887615,0.009956,1.394362,-0.740116,0.863457,-35.330376,-13.855596,-15.619191,,,,,,
1478106837.49,-1.822314,1.298465,-0.415764,1.623002,-3.090402,-10.341259,-0.260514,-0.963146,0.066942,0.546067,-0.644916,0.601729,-29.915741,-25.821751,-11.066072,,,,,,
1478106837.51,-2.656249,1.455418,0.364579,1.049791,-3.383580,-10.254961,-0.053706,-0.993351,0.101827,0.068827,-0.643245,0.356013,-29.915741,-25.821751,-11.066072,,,,,,
1478106837.53,2.219114,1.379093,1.712306,0.920184,-3.466444,-9.595642,0.151873,-0.981681,0.115052,-0.485201,-1.360543,0.238433,-21.496294,-34.162376,-7.417113,,,,,,
1478106837.55,2.005778,1.229316,1.881085,2.567089,-1.415285,-5.894855,0.303697,-0.942260,0.141117,-2.105577,-3.572907,1.289959,-13.474982,-38.447769,-4.936207,,,,,,
1478106837.57,1.943835,1.162099,1.947901,-2.496888,0.176175,-3.332203,0.370082,-0.917639,0.144836,-4.422572,-6.147531,2.192047,-13.474982,-38.447769,-4.936207,,,,,,
1478106837.59,1.757016,1.149565,2.161598,-3.229310,-0.082930,-0.607913,0.401816,-0.912586,0.075703,-4.953939,-0.302807,-1.135197,-8.185375,-40.049976,-3.629199,,,,,,
1478106837.61,1.849372,1.158035,2.119386,1.855529,4.909698,1.363858,0.385675,-0.916017,0.110308,-4.670038,0.803392,-0.910158,-6.692485,-39.876541,-7.017434,,,,,,
1478106837.63,1.960076,1.190232,2.055261,-0.265858,1.795396,1.783465,0.343654,-0.928455,0.140971,-3.440975,0.543201,-0.765575,-6.692485,-39.876541,-7.017434,,,,,,
1478106837.65,1.951623,1.140212,2.065862,0.221086,7.242181,-5.267122,0.387498,-0.908722,0.155144,1.674910,-2.803543,0.019524,-8.155348,-39.654297,-6.723031,,,,,,
1478106837.67,2.352035,1.320740,1.806748,5.418259,-1.807529,18.787806,0.175706,-0.968898,0.174251,-2.894975,-5.657292,-0.484263,-6.102463,-39.492332,-9.342789,,,,,,
1478106837.69,-2.682140,1.439095,0.587557,-9.353728,3.575016,4.773854,-0.058235,-0.991340,0.117702,-0.537788,3.599662,7.101887,-6.102463,-39.492332,-9.342789,,,,,,
1478106837.71,-1.545964,1.431616,-0.656457,-1.325259,-6.058309,4.610818,-0.138689,-0.990330,-0.003445,-0.210661,2.502415,-6.172947,-20.618834,-33.621788,-11.340690,,,,,,
1478106837.73,-1.621591,1.364875,-0.533738,0.738539,0.328334,2.132230,-0.204206,-0.978873,0.010381,-1.380419,0.623419,-0.664190,-25.656481,-28.871933,-13.868258,,,,,,
1478106837.75,-1.665978,1.342150,-0.497898,0.537925,0.371000,0.495229,-0.225633,-0.973974,0.021541,-1.249953,-0.226282,0.670491,-25.656481,-28.871933,-13.868258,,,,,,
1478106837.77,-1.686054,1.350034,-0.476857,0.070442,0.185438,-0.778948,-0.217520,-0.975731,0.025183,-0.247568,-0.002113,0.240137,-26.696705,-28.212364,-13.248418,,,,,,
1478106837.79,-1.708708,1.372493,-0.444398,0.280488,0.548546,-1.221753,-0.195136,-0.980402,0.027083,0.037406,-0.005880,0.085328,-26.294331,-28.600109,-13.221729,,,,,,
1478106837.81,-1.751377,1.390543,-0.396753,0.295703,0.038944,-0.791375,-0.176364,-0.983798,0.032199,0.131961,-0.165158,-0.040866,-26.294331,-28.600109,-13.221729,,,,,,
1478106837.83,-1.773094,1.396909,-0.378119,-0.047979,-0.295965,-0.077086,-0.169484,-0.984920,0.034762,0.386616,-0.280904,0.036924,-25.046844,-29.686741,-13.248585,,,,,,
1478106837.85,-1.759173,1.390724,-0.404648,-0.238841,-0.794206,0.605466,-0.175932,-0.983831,0.033539,0.375425,-0.277827,0.023376,-25.003063,-29.824276,-13.020432,,,,,,
1478106837.87,-1.721729,1.370734,-0.461413,-0.423150,-0.915763,1.371232,-0.196471,-0.980054,0.029881,0.383163,-0.089907,0.148555,-25.628317,-29.402172,-12.762208,,,,,,
1478106837.89,-1.673989,1.334750,-0.524951,-0.428778,-0.502961,2.189653,-0.232616,-0.972270,0.024090,0.337703,0.048549,0.217258,-25.628317,-29.402172,-12.762208,,,,,,
1478106837.91,-1.622268,1.282375,-0.579022,-0.599256,0.164951,2.860803,-0.284062,-0.958694,0.014634,0.293431,-0.266068,-0.007630,-27.362705,-27.906904,-12.516359,,,,,,
1478106837.93,-1.572178,1.223307,-0.631635,-0.768300,-0.221788,3.029833,-0.340538,-0.940231,0.000471,0.421318,-0.371552,-0.274824,-29.553356,-25.335300,-12.995916,,,,,,
1478106837.95,-1.565416,1.160594,-0.657645,-0.276215,-1.237013,3.205194,-0.398789,-0.917040,-0.002146,0.661347,-0.275511,-0.131765,-29.553356,-25.335300,-12.995916,,,,,,
1478106837.97,-1.593017,1.089488,-0.664579,-0.151920,-1.843269,3.747621,-0.462825,-0.886390,0.010286,0.724040,-0.337304,0.247069,-32.004570,-22.251934,-12.834764,,,,,,
1478106837.99,-1.618899,1.005105,-0.679137,-0.225570,-2.191072,4.653111,-0.535379,-0.844218,0.025773,0.670923,-0.250829,0.719100,-34.883759,-18.492823,-11.194239,,,,,,
1478106838.01,-1.647950,0.907208,-0.697729,-0.175051,-1.934090,4.874893,-0.614115,-0.787787,0.047475,0.412699,-0.077966,1.007731,-34.883759,-18.492823,-11.194239,,,,,,
1478106838.03,-1.653994,0.806060,-0.704002,0.419302,0.563571,5.694873,-0.689952,-0.721565,0.057535,-0.703007,-3.035149,0.261373,-38.508118,-11.392104,-8.456777,,,,,,
1478106838.05,-1.612937,0.700408,-0.712866,-0.382667,1.632554,4.652703,-0.763901,-0.644529,0.032210,-0.228348,-1.984667,-0.363463,-39.367813,-7.134314,-9.135056,,,,,,
1478106838.07,-1.574231,0.636649,-0.729961,-0.712740,1.544294,2.119329,-0.804088,-0.594504,0.002762,0.984645,-1.992547,-0.798446,-39.367813,-7.134314,-9.135056,,,,,,
1478106838.09,-1.539294,0.630535,-0.753863,-1.001652,0.259044,-0.353529,-0.807311,-0.589577,-0.025441,1.792983,0.157601,-0.744518,-39.304729,-2.118509,-11.611300,,,,,,
1478106838.11,-1.547406,0.632339,-0.769060,-0.387950,-1.294878,0.248128,-0.806426,-0.591033,-0.018866,2.090774,0.414566,-0.816873,-39.289902,-2.133181,-11.658691,,,,,,
1478106838.13,-1.593688,0.643815,-0.776275,-0.334361,-2.978143,-1.283361,-0.799602,-0.600251,0.018308,2.364650,0.690247,-0.268658,-39.289902,-2.133181,-11.658691,,,,,,
1478106838.15,-1.640700,0.673195,-0.786070,-0.562837,-2.843378,-1.281597,-0.779924,-0.623487,0.054608,1.254900,0.439283,0.003284,-40.096535,-3.004841,-8.210431,,,,,,
1478106838.17,-1.678725,0.700159,-0.798773,-0.627902,-1.545702,-1.435897,-0.760290,-0.644339,0.082377,0.704931,0.261084,0.584096,-40.398106,-3.957418,-6.041863,,,,,,
1478106838.19,-1.671498,0.744742,-0.816221,-1.181361,0.557602,-2.802368,-0.731538,-0.677782,0.073917,0.351105,0.558718,0.962002,-40.398106,-3.957418,-6.041863,,,,,,
1478106838.21,-1.625346,0.830428,-0.849409,-1.498635,1.315367,-4.880529,-0.673557,-0.738220,0.036779,-0.182080,0.500198,0.513209,-39.935265,-7.513660,-5.735126,,,,,,
1478106838.23,-1.579091,0.946199,-0.874125,-0.548228,1.351247,-6.413225,-0.584751,-0.811198,0.004850,-0.460339,0.388454,0.289278,-39.935265,-7.513660,-5.735126,,,,,,
1478106838.25,-1.561602,1.095736,-0.866920,0.608031,0.933732,-7.892394,-0.457373,-0.889265,-0.004206,0.272818,0.672102,-0.010870,-37.955208,-13.608578,-7.640748,,,,,,
1478106838.27,-1.612915,1.253698,-0.807025,1.226679,-0.114803,-7.695508,-0.311534,-0.950144,0.013129,0.324840,0.497950,-0.057181,-33.625950,-21.968178,-8.418239,,,,,,
1478106838.29,-1.807592,1.385067,-0.615622,1.600283,-0.697759,-6.216035,-0.179510,-0.982802,0.043320,-0.015421,-0.089845,-0.247361,-29.974453,-26.953232,-7.695941,,,,,,
,,,,,,,,,,,,,,,,37.352988,-122.034854,52.068939,1.880000,348.046875,1478106838.00
1478106838.31,-2.418668,1.464250,-0.023900,1.646823,-1.477441,-5.017418,-0.070356,-0.994329,0.079745,-0.562793,-0.687678,-0.313113,-29.974453,-26.953232,-7.695941,,,,,,
1478106838.33,2.953412,1.466428,0.867889,0.558285,-0.918812,-4.050618,0.019489,-0.994559,0.102340,-1.371463,-1.272882,0.241029,-25.061649,-32.045662,-5.400120,,,,,,
1478106838.35,2.338697,1.442612,1.473665,-1.181936,-0.479068,-3.327930,0.091960,-0.991796,0.088796,-2.019206,-0.936763,0.528025,-20.983555,-35.037445,-4.029893,,,,,,
1478106838.37,2.015941,1.413638,1.802030,-0.865490,0.470079,-1.857899,0.141260,-0.987676,0.067392,-2.149774,-0.548121,-0.043711,-20.983555,-35.037445,-4.029893,,,,,,
1478106838.39,1.935215,1.393550,1.907758,-0.138264,1.502393,-1.006078,0.164741,-0.984333,0.062841,-2.172065,-0.309322,-0.437307,-17.980101,-36.532166,-5.127285,,,,,,
1478106838.41,1.970979,1.381328,1.912418,0.326663,2.388454,-0.262371,0.173456,-0.982105,0.073373,-1.945490,0.006809,-0.156564,-16.522297,-37.065109,-6.112557,,,,,,
1478106838.43,2.065183,1.382072,1.865965,0.388245,2.177402,0.411103,0.165142,-0.982244,0.089018,-1.410595,-0.062983,0.059710,-16.522297,-37.065109,-6.112557,,,,,,
1478106838.45,2.151111,1.386652,1.810504,0.232302,1.231922,0.452155,0.153129,-0.983093,0.100394,-0.682930,0.009964,0.109826,-16.084332,-37.123966,-6.875870,,,,,,
1478106838.47,2.229781,1.382105,1.749181,0.976409,0.781319,-0.145482,0.148299,-0.982250,0.114854,-0.408949,0.037380,0.302901,-16.238979,-36.998474,-7.181973,,,,,,
1478106838.49,2.193349,1.351149,1.798069,-0.071220,0.568622,-2.532033,0.177008,-0.975974,0.127051,0.411905,-0.296517,0.422525,-16.238979,-36.998474,-7.181973,,,,,,
1478106838.51,2.117793,1.312469,1.903271,0.224105,1.761994,-1.162014,0.218189,-0.966819,0.132873,0.183407,-1.476037,0.442597,-13.783484,-38.018570,-6.983987,,,,,,
1478106838.53,2.144296,1.318227,1.882420,-0.345917,0.098217,0.884538,0.209911,-0.968274,0.135585,0.518665,-0.201801,0.758976,-12.980450,-38.275623,-7.117356,,,,,,
1478106838.55,2.135653,1.348199,1.907211,-1.395080,0.482379,1.105491,0.186471,-0.975327,0.118173,0.176581,0.382020,0.182913,-12.980450,-38.275623,-7.117356,,,,,,
1478106838.57,2.069684,1.381494,1.979714,-1.420105,0.274682,0.994581,0.165239,-0.982136,0.090032,-0.105912,0.087955,-0.302358,-13.994520,-37.702511,-8.175949,,,,,,
1478106838.59,2.017111,1.403514,2.038164,-0.597099,0.218849,0.543157,0.150193,-0.986041,0.071870,-0.232713,0.037631,-0.508287,-15.038219,-36.894760,-9.838740,,,,,,
1478106838.61,2.041819,1.405827,2.015627,0.493960,0.047059,0.045290,0.146339,-0.986423,0.074524,-0.095985,0.212162,-0.417129,-15.349380,-36.672600,-10.182788,,,,,,
1478106838.63,2.130079,1.397708,1.924813,1.001181,-0.153458,0.062112,0.145984,-0.985058,0.091379,0.007168,0.001140,-0.122293,-15.349380,-36.672600,-10.182788,,,,,,
1478106838.65,2.202212,1.392399,1.848807,0.373986,-0.040080,0.205954,0.143239,-0.984129,0.104748,0.059459,-0.067430,0.351779,-15.414820,-36.892471,-9.246680,,,,,,
1478106838.67,2.207543,1.399281,1.843837,-0.333031,0.087398,0.349660,0.137229,-0.985327,0.101481,0.065026,-0.183710,0.260931,-15.681327,-36.854149,-8.946485,,,,,,
1478106838.69,2.208831,1.408799,1.844114,-0.308658,0.061847,0.361417,0.129559,-0.986907,0.096067,0.204548,-0.197404,-0.026731,-15.681327,-36.854149,-8.946485,,,,,,
1478106838.71,2.188082,1.419327,1.863832,-0.517373,-0.208484,0.370575,0.123044,-0.988550,0.087339,0.505420,-0.343221,-0.132017,-16.064146,-36.596069,-9.318977,,,,,,
1478106838.73,2.150115,1.431523,1.893448,-0.430126,-0.521405,0.358931,0.116173,-0.990317,0.076000,0.827995,-0.839776,-0.097927,-16.536264,-36.272999,-9.746470,,,,,,
1478106838.75,2.151378,1.446618,1.865765,-0.256770,-1.815745,1.138889,0.103565,-0.992300,0.067938,1.229474,-1.738078,0.170511,-16.536264,-36.272999,-9.746470,,,,,,
1478106838.77,2.149000,1.491395,1.821761,-1.663899,-2.719052,2.568282,0.066425,-0.996849,0.043349,1.643277,-1.357704,0.492708,-17.763968,-35.773884,-9.425664,,,,,,
1478106838.79,1.131702,1.559645,2.752791,-2.463766,-5.303177,2.999923,0.010093,-0.999938,-0.004741,1.281929,-0.804963,-0.021779,-21.301617,-33.816914,-9.318233,,,,,,
1478106838.81,-0.861000,1.485918,-1.641580,-2.656996,-4.912029,4.323073,-0.064303,-0.996400,-0.055247,0.268480,-1.226851,-0.026937,-23.592243,-32.411747,-8.778206,,,,,,
1478106838.83,-1.072484,1.351277,-1.514190,-3.094952,-3.583334,6.160676,-0.191279,-0.976002,-0.104077,-0.725515,0.743413,0.633237,-23.592243,-32.411747,-8.778206,,,,,,
1478106838.85,-1.063036,1.234436,-1.563327,-3.549224,-1.401149,3.922792,-0.288413,-0.943962,-0.160479,-2.343576,-0.745201,0.359439,-30.406696,-26.416777,-7.858693,,,,,,
1478106838.87,-0.968737,1.179972,-1.692572,-3.179397,-0.976564,-0.191549,-0.313968,-0.924595,-0.215748,-1.323544,0.179799,-0.155148,-30.406696,-26.416777,-7.858693,,,,,,
1478106838.89,-0.860594,1.160835,-1.818412,-2.113340,-0.194944,-0.764879,-0.302211,-0.917136,-0.259865,-0.592000,0.328376,-0.148109,-33.014709,-22.510208,-9.353695,,,,,,
1478106838.91,-0.791912,1.142301,-1.893354,-1.683534,0.088137,-0.091706,-0.295712,-0.909592,-0.291885,-0.122592,-0.056900,0.263702,-32.727039,-22.558317,-10.209580,,,,,,
1478106838.93,-0.735605,1.111648,-1.950123,-2.143576,0.328439,0.286877,-0.297393,-0.896430,-0.328588,-0.093858,0.172889,0.462957,-32.727039,-22.558317,-10.209580,,,,,,
1478106838.95,-0.680037,1.073548,-2.003921,-2.213352,0.448701,0.259081,-0.299954,-0.878899,-0.370898,-0.063862,0.272896,0.286578,-32.667305,-21.675579,-12.132132,,,,,,
1478106838.97,-0.628019,1.041129,-2.049521,-1.817610,0.725712,-0.025722,-0.296854,-0.862975,-0.408842,-0.133780,0.390197,0.214231,-32.683857,-21.106733,-13.055399,,,,,,
1478106838.99,-0.571445,1.016672,-2.094234,-1.592047,1.015752,-0.387538,-0.284594,-0.850361,-0.442597,-0.163191,0.427556,0.282334,-32.683857,-21.106733,-13.055399,,,,,,
1478106839.01,-0.507534,0.997086,-2.142460,-1.444543,1.235992,-0.727131,-0.263791,-0.839893,-0.474336,-0.140979,0.430774,0.302034,-32.045845,-20.133101,-15.871181,,,,,,
1478106839.03,-0.439849,0.980449,-2.190944,-1.286061,1.411544,-0.815250,-0.237023,-0.830747,-0.503665,-0.056877,0.467527,0.289814,-30.967348,-20.096375,-17.925716,,,,,,
1478106839.05,-0.372175,0.965718,-2.236321,-1.146636,1.577315,-0.969468,-0.206850,-0.822458,-0.529884,-0.044814,0.510095,0.302009,-30.967348,-20.096375,-17.925716,,,,,,
1478106839.07,-0.300816,0.951574,-2.286229,-1.149572,1.511524,-1.193251,-0.171973,-0.814330,-0.554340,-0.043023,0.424391,0.276828,-29.571705,-20.233528,-20.007269,,,,,,
1478106839.09,-0.228592,0.935228,-2.337816,-1.190865,1.546545,-1.242329,-0.134522,-0.804735,-0.578192,-0.073120,0.438005,0.244315,-27.882357,-20.533232,-22.025732,,,,,,
1478106839.11,-0.160506,0.916969,-2.382577,-1.128003,1.645848,-1.088758,-0.097206,-0.793762,-0.600411,-0.076592,0.564697,0.209939,-27.882357,-20.533232,-22.025732,,,,,,
1478106839.13,-0.098605,0.898158,-2.420927,-1.078608,1.502376,-1.035430,-0.061336,-0.782181,-0.620025,-0.052830,0.493683,0.189041,-26.060669,-20.665165,-24.040895,,,,,,
1478106839.15,-0.046883,0.876541,-2.452692,-1.206722,1.260241,-0.829000,-0.029985,-0.768530,-0.639111,-0.066588,0.441901,0.207836,-25.162359,-20.670048,-24.975529,,,,,,
1478106839.17,-0.007689,0.851468,-2.474207,-1.288829,1.095703,-0.587308,-0.005066,-0.752248,-0.658860,-0.103104,0.489187,0.310288,-23.634764,-20.377066,-26.652304,,,,,,
1478106839.19,0.022866,0.826668,-2.489336,-1.200374,0.904564,-0.460401,0.015486,-0.735678,-0.677154,-0.096938,0.464301,0.392822,-23.634764,-20.377066,-26.652304,,,,,,
1478106839.21,0.042243,0.803937,-2.494644,-1.083800,0.713457,-0.052144,0.029303,-0.720093,-0.693258,-0.156241,0.439377,0.515264,-22.314690,-19.601574,-28.319696,,,,,,
1478106839.23,0.053624,0.785026,-2.492234,-0.855307,0.648252,0.053728,0.037914,-0.706844,-0.706353,-0.118068,0.326396,0.459603,-21.667999,-18.737640,-29.386576,,,,,,
1478106839.25,0.062838,0.772784,-2.489287,-0.444807,0.567626,0.183357,0.044961,-0.698131,-0.714557,-0.157448,0.223949,0.499545,-21.667999,-18.737640,-29.386576,,,,,,
1478106839.27,0.073619,0.764191,-2.474743,-0.577367,1.458097,0.469970,0.053101,-0.691953,-0.719987,-0.354843,0.164213,0.256654,-21.199621,-18.111856,-30.111607,,,,,,
1478106839.29,0.086970,0.751103,-2.465149,-0.698396,0.899713,0.315120,0.063489,-0.682446,-0.728174,-0.035718,-0.025638,0.073526,-20.520950,-17.455782,-30.957365,,,,,,
1478106839.31,0.090585,0.744793,-2.452122,-0.128709,0.436153,0.529111,0.066510,-0.677819,-0.732214,0.100971,0.133172,-0.306864,-20.520950,-17.455782,-30.957365,,,,,,
,,,,,,,,,,,,,,,,37.353007,-122.034853,52.947052,1.310000,10.195312,1478106839.00
1478106839.33,0.079104,0.743633,-2.435232,-0.182692,-0.260627,0.636465,0.058161,-0.676966,-0.733713,0.210577,-0.092016,-0.203360,-20.056292,-16.773045,-31.631985,,,,,,
1478106839.35,0.058614,0.741577,-2.417984,-0.084250,-0.440779,0.604628,0.043198,-0.675451,-0.736138,0.135574,-0.041239,-0.055244,-20.498913,-16.264935,-31.613583,,,,,,
1478106839.37,0.040531,0.740360,-2.399979,-0.155859,-0.154261,0.682242,0.029913,-0.674554,-0.737619,-0.163138,0.085153,0.385446,-20.498913,-16.264935,-31.613583,,,,,,
1478106839.39,0.036279,0.734194,-2.384750,-0.413426,0.612271,0.469936,0.026927,-0.669989,-0.741883,-0.104457,-0.083246,0.226532,-21.141813,-15.770478,-31.440229,,,,,,
1478106839.41,0.045560,0.724319,-2.373601,-0.567603,0.900490,0.367445,0.034110,-0.662626,-0.748174,0.126519,-0.090121,-0.048885,-20.938448,-15.091888,-31.905933,,,,,,
1478106839.43,0.054425,0.711432,-2.363598,-0.714630,0.573352,0.319159,0.041203,-0.652919,-0.756306,0.174404,-0.116521,-0.194393,-20.938448,-15.091888,-31.905933,,,,,,
1478106839.45,0.051765,0.695684,-2.355584,-0.835166,-0.098520,0.228214,0.039718,-0.640910,-0.766587,0.246232,-0.132222,-0.162078,-20.309523,-14.267442,-32.682343,,,,,,
1478106839.47,0.037385,0.677624,-2.350082,-0.930226,-0.802443,0.121322,0.029118,-0.626943,-0.778520,0.193279,-0.094950,0.003130,-20.445963,-13.298376,-33.004364,,,,,,
1478106839.49,0.016301,0.661252,-2.345923,-0.728489,-0.909062,0.216482,0.012864,-0.614106,-0.789119,0.098357,-0.059860,0.155223,-20.445963,-13.298376,-33.004364,,,,,,
1478106839.51,-0.002670,0.650596,-2.337292,-0.430222,-0.464698,0.455792,-0.002125,-0.605661,-0.795720,-0.169369,-0.035101,0.505803,-21.349287,-12.361565,-32.795910,,,,,,
1478106839.53,-0.006835,0.645326,-2.325041,-0.186242,0.393354,0.428725,-0.005460,-0.601459,-0.798885,-0.208346,-0.066525,0.282207,-21.879662,-11.865168,-32.629288,,,,,,
1478106839.55,-0.003362,0.642211,-2.315322,-0.129549,0.430162,0.380884,-0.002692,-0.598968,-0.800769,0.109840,-0.115998,-0.000547,-21.777109,-11.336847,-32.884731,,,,,,
1478106839.57,-0.006576,0.639941,-2.303558,-0.133539,0.019330,0.520361,-0.005275,-0.597148,-0.802113,0.143611,-0.089924,-0.167750,-21.777109,-11.336847,-32.884731,,,,,,
1478106839.59,-0.017795,0.633436,-2.288383,-0.418694,-0.110928,0.655153,-0.014342,-0.591918,-0.805871,-0.123567,-0.104890,-0.240287,-21.648926,-10.931372,-33.105911,,,,,,
1478106839.61,-0.026039,0.624890,-2.273363,-0.394346,0.096038,0.593445,-0.021116,-0.585008,-0.810753,-0.123721,0.005830,-0.156258,-21.926285,-10.172916,-33.165070,,,,,,
1478106839.63,-0.033759,0.615571,-2.258891,-0.484378,-0.038544,0.622024,-0.027557,-0.577425,-0.815979,0.101730,-0.031889,-0.058426,-21.926285,-10.172916,-33.165070,,,,,,
1478106839.65,-0.045207,0.605769,-2.244197,-0.437015,-0.196110,0.609282,-0.037150,-0.569394,-0.821225,0.123408,0.000303,-0.008716,-22.051783,-9.345695,-33.324902,,,,,,
1478106839.67,-0.055824,0.597183,-2.230800,-0.381068,-0.083884,0.545475,-0.046138,-0.562316,-0.825635,0.101604,0.023909,0.127347,-22.379105,-8.490708,-33.335503,,,,,,
1478106839.69,-0.060163,0.590382,-2.219741,-0.262697,0.174644,0.435996,-0.049949,-0.556678,-0.829225,0.113502,0.037681,0.184358,-22.379105,-8.490708,-33.335503,,,,,,
1478106839.71,-0.060321,0.585441,-2.211321,-0.215343,0.231364,0.312491,-0.050245,-0.552567,-0.831953,0.179426,-0.014068,0.113935,-22.478432,-7.812757,-33.434311,,,,,,
1478106839.73,-0.060182,0.580627,-2.206788,-0.250742,0.058517,0.137639,-0.050289,-0.548549,-0.834605,0.156810,-0.004842,-0.050222,-22.341249,-7.369769,-33.626289,,,,,,
1478106839.75,-0.062865,0.573600,-2.205002,-0.402777,-0.173911,0.106415,-0.052769,-0.542660,-0.838293,0.140522,-0.027454,-0.102747,-22.341249,-7.369769,-33.626289,,,,,,
1478106839.77,-0.075352,0.560283,-2.198482,-0.356002,-0.179282,0.132083,-0.063770,-0.531426,-0.844701,-0.019924,0.005730,-0.013698,-22.469833,-6.805285,-33.659573,,,,,,
1478106839.79,-0.080938,0.554726,-2.195545,-0.219905,-0.221095,0.162146,-0.068726,-0.526710,-0.847262,-0.041061,0.011436,0.096896,-22.812290,-6.267777,-33.533363,,,,,,
1478106839.81,-0.086415,0.551915,-2.191330,-0.061940,-0.106665,0.200810,-0.073493,-0.524319,-0.848345,-0.011056,0.041180,0.176744,-22.812290,-6.267777,-33.533363,,,,,,
1478106839.83,-0.089594,0.552051,-2.186223,0.064150,0.019512,0.225569,-0.076183,-0.524435,-0.848036,-0.032628,0.077688,0.098982,-23.026443,-5.981831,-33.439087,,,,,,
1478106839.85,-0.091322,0.552660,-2.181194,0.022816,0.049257,0.186079,-0.077619,-0.524953,-0.847585,0.001950,0.043752,0.001027,-23.068037,-5.869905,-33.430260,,,,,,
1478106839.87,-0.080795,0.543502,-2.183957,-0.044235,0.025839,0.120944,-0.069077,-0.517137,-0.853111,0.035249,0.020891,-0.024132,-23.068037,-5.869905,-33.430260,,,,,,
1478106839.89,-0.081891,0.542168,-2.181399,-0.062327,0.023735,0.111322,-0.070069,-0.515994,-0.853721,0.034226,-0.023160,-0.022850,-22.752939,-5.513624,-33.705727,,,,,,
1478106839.91,-0.081096,0.540701,-2.179612,-0.075684,0.120293,0.055915,-0.069451,-0.514737,-0.854531,0.054116,-0.018069,0.025582,-22.752939,-5.513624,-33.705727,,,,,,
1478106839.93,-0.076680,0.538440,-2.180765,-0.170184,0.138291,-0.040147,-0.065766,-0.512797,-0.855987,-0.012618,0.040629,0.039703,-22.705196,-5.384890,-33.758690,,,,,,
1478106839.95,-0.073506,0.534774,-2.182353,-0.187328,0.107497,-0.045512,-0.063186,-0.509647,-0.858060,-0.075349,0.076389,0.035291,-22.526407,-5.273982,-33.895695,,,,,,
1478106839.97,-0.071884,0.531779,-2.183007,-0.128058,0.035181,-0.001739,-0.061904,-0.507068,-0.859680,-0.083009,0.065021,0.036423,-22.526407,-5.273982,-33.895695,,,,,,
1478106839.99,-0.086488,0.523882,-2.175427,-0.106093,-0.032685,0.059043,-0.074796,-0.500245,-0.862647,-0.063174,0.038590,-0.004204,-22.440245,-5.126389,-33.975395,,,,,,
1478106840.01,-0.085552,0.518675,-2.174557,-0.035895,-0.023128,0.113509,-0.074209,-0.495729,-0.865301,0.020956,0.065828,0.064214,-22.855938,-4.667402,-33.763790,,,,,,
1478106840.03,-0.086909,0.518435,-2.172330,0.014331,0.007424,0.089097,-0.075394,-0.495521,-0.865318,0.045853,0.067909,0.097160,-22.855938,-4.667402,-33.763790,,,,,,
1478106840.05,-0.086363,0.519057,-2.170521,0.041371,0.105048,0.067857,-0.074895,-0.496061,-0.865051,0.013234,0.021849,0.042526,-22.817373,-4.467955,-33.816814,,,,,,
1478106840.07,-0.084695,0.515792,-2.169368,0.012574,0.080595,0.043295,-0.073588,-0.493224,-0.866784,0.003032,0.018645,-0.010276,-22.775291,-4.459044,-33.846348,,,,,,
1478106840.09,-0.085172,0.516065,-2.168422,0.016300,-0.060812,0.044333,-0.073990,-0.493462,-0.866615,0.005997,0.015678,-0.000558,-19.000954,-6.759257,-31.299683,,,,,,
1478106840.11,-0.088896,0.516074,-2.167281,-0.006579,-0.192526,0.052785,-0.077217,-0.493469,-0.866329,-0.013069,-0.000076,0.024242,-19.000954,-6.759257,-31.299683,,,,,,
1478106840.13,-0.095321,0.519013,-2.164625,-0.012904,-0.157288,0.084749,-0.082643,-0.496024,-0.864367,-0.008864,-0.033945,0.030993,-19.121201,-6.740841,-31.230350,,,,,,
1478106840.15,-0.098253,0.517860,-2.162800,-0.083927,-0.068798,0.084647,-0.085233,-0.495022,-0.864690,-0.006274,-0.034946,0.031316,-19.121201,-6.740841,-31.230350,,,,,,
1478106840.17,-0.099097,0.515461,-2.161259,-0.117561,0.041828,0.070763,-0.086080,-0.492936,-0.865797,-0.025782,-0.023070,-0.012881,-19.368723,-6.736148,-31.078463,,,,,,
1478106840.19,-0.095484,0.515331,-2.161342,-0.111891,0.117183,0.045214,-0.082957,-0.492823,-0.866166,0.019466,-0.012716,0.020890,-19.381796,-6.635632,-31.091932,,,,,,
1478106840.21,-0.093241,0.513232,-2.160815,-0.095814,0.130853,0.022869,-0.081110,-0.490996,-0.867378,0.017496,-0.019335,0.038124,-19.234913,-6.591798,-31.192312,,,,,,
1478106840.23,-0.090630,0.511798,-2.160992,-0.052095,0.122032,-0.015416,-0.078909,-0.489746,-0.868287,0.119162,-0.186051,0.158433,-19.137037,-6.518110,-31.267906,,,,,,
1478106840.25,-0.083280,0.507312,-2.165164,-0.246053,0.048005,-0.083974,-0.072707,-0.485830,-0.871024,-0.048143,0.064855,-0.152215,-19.137037,-6.518110,-31.267906,,,,,,
1478106840.27,-0.083644,0.505548,-2.165445,-0.002687,-0.008615,0.052827,-0.073096,-0.484287,-0.871850,-0.084573,-0.043515,-0.097373,-18.931263,-6.398108,-31.417597,,,,,,
1478106840.29,-0.085527,0.505101,-2.163586,-0.020017,-0.056188,0.101800,-0.074755,-0.483895,-0.871927,-0.093656,-0.049415,-0.041357,-18.974316,-6.340698,-31.403261,,,,,,
,,,,,,,,,,,,,,,,37.353020,-122.034852,52.666779,1.310000,355.781250,1478106840.00
